Student,ID,SIS User ID,Section,Project 1 (4410),Project 2 - Housing Price Regression (4411)
    Points Possible,,,,100,100
Ana Ruiz,31001,1001,DATA-2100,91,60
Marcus Bell,31002,1002,DATA-2100,92,97
Priya Nair,31003,1003,DATA-2100,93,32
Diego Santos,31004,1004,DATA-2100,94,92
Hannah Cole,31005,1005,DATA-2100,80,
Jamal Price,31006,1006,DATA-2100,81,75
Sofia Moreno,31007,1007,DATA-2100,82,95
Kevin Tran,31008,1008,DATA-2100,83,
Lucia Ferreira,31009,1009,DATA-2100,84,60
Owen Park,31010,1010,DATA-2100,85,
